                  epoch,         train/box_loss,         train/seg_loss,         train/cls_loss,         train/dfl_loss,   metrics/precision(B),      metrics/recall(B),       metrics/mAP50(B),    metrics/mAP50-95(B),   metrics/precision(M),      metrics/recall(M),       metrics/mAP50(M),    metrics/mAP50-95(M),           val/box_loss,           val/seg_loss,           val/cls_loss,           val/dfl_loss,                 lr/pg0,                 lr/pg1,                 lr/pg2
                      1,                0.98038,                  2.541,                  3.651,                 1.2514,                0.00844,                0.57912,                0.07035,                0.04539,                0.00813,                0.54882,                0.06306,                0.04594,                0.94186,                  2.946,                 3.6473,                 1.1699,                 0.0003,                 0.0003,                 0.0003
                      2,                0.89423,                 1.8463,                 3.0627,                 1.1658,                0.43068,                0.09524,                0.13458,                0.10203,                0.43068,                0.09524,                0.13101,                0.09642,                0.94932,                 2.7298,                 3.0911,                 1.1819,             0.00060698,             0.00060698,             0.00060698
                      3,                0.94768,                 1.6981,                  2.846,                 1.1808,                0.08201,                 0.3101,                0.09825,                0.07672,                0.07904,                0.30015,                0.10261,                0.07302,                 1.0291,                   3.02,                 3.1159,                 1.1984,             0.00091089,             0.00091089,             0.00091089
                      4,                 0.9082,                 1.4215,                 2.6381,                 1.1392,                0.10525,                0.34947,                0.10573,                0.07573,                0.10484,                0.34571,                0.10562,                0.07564,                  1.105,                 2.7528,                 3.1238,                 1.3371,             0.00098515,             0.00098515,             0.00098515
                      5,                0.89889,                 1.3777,                 2.5838,                 1.1553,                0.12003,                0.34485,                0.11741,                0.07726,                0.12003,                0.34485,                0.11637,                0.07814,                 1.2774,                 2.6655,                 2.9825,                 1.5234,             0.00098515,             0.00098515,             0.00098515
                      6,                0.89289,                 1.4158,                 2.5553,                 1.1282,                0.15728,                0.28344,                0.15606,                0.09175,                0.15728,                0.28344,                0.15702,                0.10445,                 1.1384,                 2.5072,                 2.8132,                 1.3744,              0.0009802,              0.0009802,              0.0009802
                      7,                0.88599,                 1.3989,                 2.4978,                 1.1623,                0.14905,                0.35997,                0.16317,                0.10133,                0.14905,                0.35997,                0.16094,                0.10686,                 1.0279,                 2.7276,                 2.9044,                 1.2016,             0.00097525,             0.00097525,             0.00097525
                      8,                0.87005,                 1.3579,                 2.4082,                 1.1099,                0.12478,                0.34545,                0.16141,                 0.0922,                0.13566,                0.35657,                0.16833,                0.10671,                 1.0468,                  2.604,                 2.8413,                 1.2017,              0.0009703,              0.0009703,              0.0009703
                      9,                 0.8999,                 1.3441,                 2.3485,                 1.1238,                0.11185,                0.22245,                0.11823,                0.07239,                0.09589,                0.26164,                0.11668,                0.07139,                 1.0647,                  2.975,                 3.0455,                 1.3203,             0.00096535,             0.00096535,             0.00096535
                     10,                 0.8405,                 1.2047,                  2.282,                 1.1059,                0.11271,                0.25034,                0.10467,                0.07403,                 0.1132,                0.25034,                0.10473,                0.07303,                 1.1136,                 3.4554,                 3.1107,                 1.3466,              0.0009604,              0.0009604,              0.0009604
                     11,                0.81118,                 1.2576,                  2.212,                 1.0698,                  0.097,                0.31666,                0.12725,                0.08552,                0.09167,                0.29399,                0.13149,                0.08667,                 1.0259,                 3.3234,                 2.9346,                 1.2349,             0.00095545,             0.00095545,             0.00095545
                     12,                0.81364,                 1.1979,                 2.0497,                 1.0459,                0.14443,                0.25725,                0.11857,                0.08392,                0.15291,                0.26332,                0.12597,                0.08659,                 1.0474,                 2.7407,                 2.8817,                 1.2384,              0.0009505,              0.0009505,              0.0009505
                     13,                0.76329,                 1.1088,                 2.0078,                 1.0451,                0.15968,                0.19028,                0.13599,                 0.1063,                0.15968,                0.19028,                0.13524,                0.10531,                0.97452,                 2.3177,                 2.8554,                 1.1982,             0.00094555,             0.00094555,             0.00094555
                     14,                 0.7818,                   1.13,                 1.9521,                 1.0625,                0.13625,                0.30192,                0.15623,                0.10611,                0.13757,                0.30192,                0.15196,                  0.104,                 1.0016,                 2.6086,                 2.8831,                  1.163,              0.0009406,              0.0009406,              0.0009406
                     15,                0.76576,                 1.0082,                 1.9353,                 1.0478,                0.12457,                0.22419,                0.15662,                0.11938,                0.18375,                0.17546,                0.16284,                0.13236,                 1.1075,                  2.316,                 2.8706,                 1.2449,             0.00093565,             0.00093565,             0.00093565
                     16,                 0.8166,                 1.2315,                  1.844,                 1.0777,                0.07981,                0.23205,                0.10443,                0.08023,                0.07981,                0.23205,                0.10366,                0.08257,                 1.0595,                 2.5015,                 3.0621,                 1.2601,              0.0009307,              0.0009307,              0.0009307
                     17,                0.76285,                 1.1583,                 1.7508,                 1.0489,                0.10854,                 0.2252,                 0.1024,                0.07965,                0.10952,                 0.2252,                0.09239,                0.06925,                 1.1057,                 2.6779,                 2.9779,                 1.3479,             0.00092575,             0.00092575,             0.00092575
                     18,                0.75903,                 1.0841,                 1.7485,                 1.0537,                0.19819,                0.21837,                0.17308,                  0.118,                0.19819,                0.21837,                0.16704,                0.12354,                 1.2175,                 2.3982,                 2.9486,                 1.3818,              0.0009208,              0.0009208,              0.0009208
                     19,                0.72264,                 1.0279,                 1.6819,                  1.019,                0.11313,                0.23163,                 0.1495,                0.10323,                0.11571,                0.24954,                0.14557,                0.10361,                 1.1017,                 2.5097,                 3.1702,                 1.2942,             0.00091585,             0.00091585,             0.00091585
                     20,                0.76072,                 1.0881,                 1.6287,                 1.0338,                0.16969,                0.34506,                0.15128,                0.10753,                 0.1764,                0.36021,                0.15459,                0.11566,                 1.0294,                 2.4118,                 2.9243,                 1.2284,              0.0009109,              0.0009109,              0.0009109
                     21,                 0.7347,                 1.0526,                 1.6394,                 1.0232,                0.07396,                0.11522,                 0.1233,                0.09237,                0.08796,                0.13189,                0.13125,                0.10048,                  1.045,                 2.4129,                 3.2197,                 1.2678,             0.00090595,             0.00090595,             0.00090595
                     22,                 0.6895,                 1.0116,                   1.56,                 1.0204,                0.12553,                 0.1991,                0.12641,                 0.0975,                0.12553,                 0.1991,                0.12352,                0.09464,                 1.0025,                 2.4333,                 3.0561,                 1.2377,               0.000901,               0.000901,               0.000901
                     23,                0.71853,                 1.1146,                 1.5212,                 1.0228,                0.18406,                0.38726,                0.15343,                0.10509,                0.18632,                0.38575,                0.15872,                0.10699,                0.94093,                 2.5452,                  3.012,                 1.1839,             0.00089605,             0.00089605,             0.00089605
                     24,                0.70512,                 1.0014,                 1.5138,                 1.0181,                0.18433,                 0.2412,                0.16574,                0.12517,                0.18433,                 0.2412,                0.16836,                0.12848,                0.91164,                 2.5526,                  2.977,                 1.1492,              0.0008911,              0.0008911,              0.0008911
                     25,                0.69994,                 1.0812,                 1.4877,                 1.0161,                0.13303,                0.25417,                0.14005,                0.11094,                0.13303,                0.25417,                0.13931,                0.11353,                0.98848,                 2.6963,                 2.9634,                 1.2095,             0.00088615,             0.00088615,             0.00088615
                     26,                 0.6976,                0.98238,                 1.4156,                 1.0078,                0.14864,                0.30075,                 0.1425,                0.10614,                0.14864,                0.30075,                0.14579,                0.10995,                0.97597,                 2.6642,                 2.9393,                  1.169,              0.0008812,              0.0008812,              0.0008812
                     27,                0.66196,                0.96095,                 1.3291,                 0.9953,                  0.174,                0.23367,                0.16248,                0.13008,                0.16287,                0.24882,                0.16697,                0.13408,                0.94555,                 2.5473,                 2.9324,                 1.1683,             0.00087625,             0.00087625,             0.00087625
                     28,                0.66171,                0.97041,                   1.29,                0.98203,                0.19884,                0.21323,                0.17373,                0.14176,                0.19884,                0.21323,                0.17429,                0.14423,                 1.0096,                  2.413,                  3.081,                 1.2392,              0.0008713,              0.0008713,              0.0008713
                     29,                0.66601,                0.95892,                 1.2814,                0.98146,                0.32542,                0.21292,                0.18478,                 0.1475,                0.32542,                0.21292,                0.18896,                0.14417,                0.95047,                 2.4008,                  3.027,                  1.131,             0.00086635,             0.00086635,             0.00086635
                     30,                0.65125,                0.87841,                 1.2461,                0.97745,                0.18073,                0.19699,                 0.1512,                0.12139,                0.18073,                0.19699,                0.15144,                0.11712,                  0.987,                 2.4363,                 2.9587,                 1.1508,              0.0008614,              0.0008614,              0.0008614
                     31,                0.66978,                 0.9458,                 1.3005,                0.97472,                0.14181,                0.21727,                0.10635,                0.07906,                0.14181,                0.21727,                0.10672,                0.08125,                 1.0155,                 2.5193,                 3.1954,                 1.2123,             0.00085645,             0.00085645,             0.00085645
                     32,                0.67874,                0.91062,                 1.3158,                0.99515,                0.15374,                0.22765,                0.10365,                0.07143,                0.15374,                0.22765,                0.09987,                0.07619,                 1.0614,                 2.6698,                 3.2325,                 1.2213,              0.0008515,              0.0008515,              0.0008515
                     33,                0.69188,                0.91547,                 1.2531,                0.99033,                0.22504,                0.31332,                0.16392,                0.12969,                0.22504,                0.31332,                0.16467,                0.12484,                0.92929,                 2.7789,                  2.948,                 1.1687,             0.00084655,             0.00084655,             0.00084655
                     34,                0.64381,                0.92789,                 1.2148,                0.97569,                0.14574,                0.22316,                0.14018,                0.11318,                0.14574,                0.22316,                0.14218,                0.11356,                0.98237,                 2.6869,                 3.0264,                 1.1698,              0.0008416,              0.0008416,              0.0008416
                     35,                0.64952,                0.86406,                 1.2126,                0.96376,                0.11909,                0.22468,                0.12661,                0.09844,                0.11909,                0.22468,                0.12613,                0.09967,                 1.0394,                 2.7037,                 3.2361,                 1.1927,             0.00083665,             0.00083665,             0.00083665
                     36,                0.62939,                0.87259,                 1.2246,                0.98761,                 0.1725,                0.32095,                0.13609,                0.10779,                0.17265,                0.31926,                0.13153,                 0.1062,                 1.0516,                 3.2583,                 3.1244,                  1.265,              0.0008317,              0.0008317,              0.0008317
                     37,                0.60775,                0.92784,                  1.158,                0.96981,                0.12075,                0.30289,                0.11498,                0.08869,                0.12075,                0.30289,                 0.1154,                0.08754,                 0.9435,                 2.6373,                 3.1381,                 1.1745,             0.00082675,             0.00082675,             0.00082675
                     38,                0.64198,                0.90472,                 1.1169,                0.97679,                0.13369,                0.32177,                0.12171,                0.09616,                0.13369,                0.32177,                0.12229,                0.09502,                0.95101,                 2.5394,                 3.1398,                 1.1666,              0.0008218,              0.0008218,              0.0008218
                     39,                0.58601,                 0.8276,                 1.0478,                0.95595,                0.14338,                0.30423,                0.15225,                0.12627,                0.14338,                0.30423,                0.15009,                0.11926,                0.93768,                 2.5604,                   3.03,                 1.1516,             0.00081685,             0.00081685,             0.00081685
                     40,                0.61533,                0.86566,                 1.1314,                 0.9656,                0.14104,                0.18333,                0.13066,                0.10498,                0.14104,                0.18333,                0.12953,                0.10791,                0.91887,                 2.4035,                 3.0314,                 1.1419,              0.0008119,              0.0008119,              0.0008119
                     41,                0.61085,                0.91052,                 1.0528,                0.96398,                  0.149,                0.26213,                0.13201,                0.10494,                  0.149,                0.26213,                0.13062,                0.10564,                0.94476,                 2.6989,                 3.0439,                 1.1466,             0.00080695,             0.00080695,             0.00080695
                     42,                0.59225,                0.82175,                  1.047,                0.95824,                0.18296,                0.29667,                0.17338,                0.13952,                0.18296,                0.29667,                0.17392,                0.14241,                0.91111,                 3.1674,                 2.9114,                 1.1555,               0.000802,               0.000802,               0.000802
                     43,                0.55925,                0.80999,                 1.0176,                0.95327,                0.16227,                0.22804,                0.13979,                0.11434,                0.16227,                0.22804,                0.13832,                0.11543,                  0.988,                 3.0881,                 3.0284,                 1.2464,             0.00079705,             0.00079705,             0.00079705
                     44,                0.60453,                0.86199,                 1.0357,                0.96447,                0.16383,                 0.2221,                0.13233,                0.09998,                0.17046,                0.23725,                0.14007,                0.11245,                 1.0723,                 2.6107,                 3.1032,                 1.3134,              0.0007921,              0.0007921,              0.0007921
                     45,                 0.5686,                0.81695,                 0.9575,                0.93127,                0.17603,                0.21183,                0.14831,                0.12199,                0.16964,                 0.2133,                0.14801,                 0.1258,                 1.0332,                 2.6514,                 3.1235,                 1.2882,             0.00078715,             0.00078715,             0.00078715
                     46,                0.58126,                0.86536,                0.90559,                0.94112,                0.17468,                0.20564,                0.15327,                0.11163,                0.17468,                0.20564,                0.15787,                0.11998,                 1.0154,                 2.8913,                  3.337,                 1.2585,              0.0007822,              0.0007822,              0.0007822
                     47,                0.59859,                0.88751,                 1.0028,                0.94042,                0.13583,                0.21399,                0.12716,                0.08977,                0.14863,                0.25319,                0.12112,                0.09169,                0.99831,                 2.6975,                 3.2572,                 1.2304,             0.00077725,             0.00077725,             0.00077725
                     48,                0.57769,                0.83244,                 0.9449,                0.94517,                0.17029,                0.26905,                0.15384,                0.12723,                0.17029,                0.26905,                0.15204,                0.12889,                0.91838,                 2.7171,                 2.9756,                 1.1325,              0.0007723,              0.0007723,              0.0007723
                     49,                0.53759,                0.77786,                0.90203,                0.92941,                0.15128,                0.21198,                0.14963,                0.11012,                0.15128,                0.21198,                0.14932,                0.11071,                0.89152,                 2.5675,                 3.0886,                 1.1109,             0.00076735,             0.00076735,             0.00076735
                     50,                0.55506,                0.76363,                0.88358,                0.92835,                0.18976,                0.20563,                0.14071,                0.11458,                0.19759,                0.22494,                0.14968,                0.11615,                0.96317,                 2.3434,                 3.2352,                 1.1899,              0.0007624,              0.0007624,              0.0007624
                     51,                0.54906,                0.77513,                0.92022,                0.94499,                0.19446,                0.23967,                0.15474,                0.12289,                0.20757,                 0.2616,                0.15985,                0.13484,                0.91041,                 2.2151,                 3.1433,                 1.1824,             0.00075745,             0.00075745,             0.00075745
                     52,                 0.5801,                0.79095,                0.91233,                0.95897,                0.13165,                0.25767,                0.16106,                0.12968,                0.13405,                0.25767,                0.15519,                0.13007,                0.90545,                 2.5018,                 3.0671,                 1.1603,              0.0007525,              0.0007525,              0.0007525
                     53,                0.55963,                0.77651,                0.86838,                0.93892,                0.16572,                0.24339,                 0.1545,                0.12546,                0.16644,                0.24339,                0.14823,                0.12035,                 0.8552,                  2.588,                 2.9977,                 1.1347,             0.00074755,             0.00074755,             0.00074755
                     54,                   0.55,                 0.7737,                0.85908,                0.95064,                0.15823,                 0.1809,                0.16603,                0.13381,                0.15823,                 0.1809,                0.16154,                0.12833,                0.87575,                 2.8046,                 2.9632,                 1.1543,              0.0007426,              0.0007426,              0.0007426
                     55,                0.58468,                  0.895,                0.89588,                0.95658,                0.19036,                0.22937,                0.17184,                0.13162,                0.19036,                0.22937,                0.16972,                0.12215,                0.93374,                 2.5464,                 2.9856,                 1.1875,             0.00073765,             0.00073765,             0.00073765
                     56,                0.55478,                0.74423,                0.83327,                0.93623,                0.43424,                0.13228,                0.15685,                0.13539,                0.43424,                0.13228,                0.16042,                0.12442,                0.95104,                 2.5688,                 3.2051,                 1.1932,              0.0007327,              0.0007327,              0.0007327
                     57,                0.54513,                0.78496,                0.85826,                0.95004,                0.16198,                0.20979,                0.16218,                 0.1332,                0.16198,                0.20979,                0.16124,                0.12223,                0.96995,                 2.5196,                 3.2878,                 1.1733,             0.00072775,             0.00072775,             0.00072775
                     58,                0.54592,                0.76532,                0.79791,                0.93366,                0.17532,                0.19562,                0.13377,                0.11345,                0.17532,                0.19562,                0.13583,                0.11042,                0.94522,                 2.5287,                 3.3544,                 1.1972,              0.0007228,              0.0007228,              0.0007228
                     59,                 0.5338,                0.77498,                0.81576,                0.93239,                0.17275,                0.21199,                0.12955,                0.10981,                0.17275,                0.21199,                0.12945,                0.11077,                0.99149,                  2.533,                 3.2368,                 1.2299,             0.00071785,             0.00071785,             0.00071785
                     60,                0.59256,                0.83263,                0.88723,                0.95583,                0.14969,                0.19153,                 0.1344,                0.11309,                0.14972,                0.19163,                0.13484,                0.11062,                0.90623,                  2.458,                 3.2166,                 1.1652,              0.0007129,              0.0007129,              0.0007129
                     61,                 0.5448,                0.71904,                0.81687,                0.93426,                0.16267,                0.24106,                0.14886,                 0.1176,                0.15223,                0.22916,                0.14136,                0.11723,                 0.9062,                 2.5295,                 3.2242,                 1.1708,             0.00070795,             0.00070795,             0.00070795
                     62,                0.50485,                0.69427,                0.77529,                0.92337,                0.09839,                0.19259,                0.16489,                0.14463,                0.09839,                0.19259,                0.16532,                0.14049,                0.89665,                  2.719,                 3.1824,                 1.1424,               0.000703,               0.000703,               0.000703
                     63,                0.52917,                0.75887,                0.83057,                0.93014,                0.14246,                0.20351,                0.13216,                0.11357,                0.14246,                0.20351,                0.13254,                0.11625,                0.91937,                 2.7974,                  3.418,                 1.1405,             0.00069805,             0.00069805,             0.00069805
                     64,                0.51331,                 0.7269,                0.81032,                0.92706,                0.18019,                0.19126,                 0.1263,                0.09596,                0.18058,                0.19082,                  0.127,                0.09792,                 0.9676,                 3.0734,                  3.407,                 1.1388,              0.0006931,              0.0006931,              0.0006931
                     65,                  0.544,                0.81091,                0.81382,                0.94361,                0.17256,                0.23625,                 0.1898,                0.15346,                0.17023,                0.23261,                0.18779,                0.15335,                0.91057,                 2.9233,                 3.1711,                 1.1259,             0.00068815,             0.00068815,             0.00068815
                     66,                0.51552,                0.78618,                0.81363,                0.93667,                0.22463,                0.23969,                0.15411,                0.11966,                0.22463,                0.23969,                0.15206,                0.11456,                0.88359,                 2.7514,                 3.1029,                  1.143,              0.0006832,              0.0006832,              0.0006832
                     67,                0.51966,                 0.7316,                0.79305,                0.93945,                0.22091,                0.24339,                0.16509,                0.12874,                0.22091,                0.24339,                0.16383,                0.13475,                 0.9004,                 2.4291,                 3.1907,                 1.1221,             0.00067825,             0.00067825,             0.00067825
                     68,                0.52442,                0.76213,                0.75182,                0.92051,                0.18028,                0.24815,                0.15258,                0.12381,                0.18028,                0.24815,                0.15248,                0.13034,                0.94813,                 2.7341,                 3.1843,                 1.1551,              0.0006733,              0.0006733,              0.0006733
                     69,                0.50998,                 0.7389,                0.72671,                 0.9223,                0.12592,                0.20159,                0.13599,                0.10559,                0.12592,                0.20159,                0.13617,                0.10615,                 1.0157,                 2.8627,                 3.3237,                 1.1792,             0.00066835,             0.00066835,             0.00066835
                     70,                0.51996,                0.74844,                0.71819,                0.92343,                 0.1516,                0.17056,                0.12891,                0.10781,                0.16008,                0.17679,                0.13468,                0.10972,                  0.974,                 2.9314,                 3.5228,                 1.1442,              0.0006634,              0.0006634,              0.0006634
                     71,                0.53474,                0.74374,                0.72109,                0.91761,                 0.1738,                0.21682,                0.15552,                0.13768,                 0.1738,                0.21682,                0.15583,                0.13255,                0.90261,                 3.1199,                 3.2379,                 1.1183,             0.00065845,             0.00065845,             0.00065845
                     72,                 0.5347,                0.73329,                0.74927,                  0.915,                0.19329,                0.21093,                 0.1472,                0.12321,                0.18483,                0.20338,                0.14641,                0.11854,                0.86789,                 3.2283,                 3.1328,                 1.1012,              0.0006535,              0.0006535,              0.0006535
                     73,                0.50757,                0.72429,                0.71961,                0.92935,                0.22209,                0.17004,                0.14715,                0.10987,                0.20258,                0.14657,                0.13202,                0.11017,                0.96476,                  3.117,                 3.2288,                  1.177,             0.00064855,             0.00064855,             0.00064855
                     74,                0.51511,                0.72888,                0.73836,                0.92085,                 0.1954,                0.22097,                0.18385,                0.13281,                0.17643,                0.19716,                0.17506,                0.13174,                 1.0637,                 3.2583,                 3.1825,                  1.225,              0.0006436,              0.0006436,              0.0006436
                     75,                0.52158,                0.76303,                0.73193,                0.92275,                0.21007,                0.14868,                0.13955,                0.11127,                0.21007,                0.14868,                0.13586,                0.10992,                 1.0081,                 2.9512,                  3.409,                 1.1882,             0.00063865,             0.00063865,             0.00063865
                     76,                0.54699,                0.72282,                0.77955,                0.92737,                0.28691,                0.15288,                 0.1388,                0.11064,                0.28691,                0.15288,                 0.1289,                0.10862,                0.91467,                  2.665,                 3.3819,                 1.1336,              0.0006337,              0.0006337,              0.0006337
                     77,                0.48964,                0.64767,                0.68643,                0.91156,                0.17719,                 0.1967,                0.13724,                0.11727,                0.17719,                 0.1967,                0.13653,                0.11169,                0.89196,                 2.6715,                 3.4958,                 1.1172,             0.00062875,             0.00062875,             0.00062875
                     78,                0.49245,                0.70061,                0.69307,                0.91505,                0.21617,                 0.1949,                0.17417,                0.14638,                0.21606,                0.19431,                0.17045,                0.12469,                0.87531,                 2.6314,                 3.5125,                 1.1267,              0.0006238,              0.0006238,              0.0006238
                     79,                0.49111,                0.68957,                0.66354,                0.90197,                0.23033,                0.19571,                0.17606,                0.14758,                0.23033,                0.19571,                0.17371,                0.13441,                0.87096,                 2.3387,                 3.4937,                  1.102,             0.00061885,             0.00061885,             0.00061885
                     80,                0.48457,                0.68723,                0.68738,                0.91192,                0.26747,                0.21296,                0.15684,                0.12757,                0.26747,                0.21296,                0.15642,                0.12587,                0.94669,                 2.1031,                 3.5123,                 1.1455,              0.0006139,              0.0006139,              0.0006139
                     81,                0.47461,                0.65529,                0.68896,                0.90972,                0.22224,                0.24386,                0.18545,                 0.1528,                0.22224,                0.24386,                0.17969,                0.14743,                0.96962,                 2.3982,                 3.1303,                 1.1212,             0.00060895,             0.00060895,             0.00060895
                     82,                0.48762,                0.66854,                 0.6741,                0.91663,                0.19527,                0.28023,                0.18869,                0.15377,                0.19527,                0.28023,                0.18531,                0.15064,                0.94397,                 2.4263,                 3.0382,                  1.114,               0.000604,               0.000604,               0.000604
                     83,                 0.4905,                0.65832,                0.64559,                0.89425,                0.15583,                0.22277,                0.17227,                0.13674,                0.15583,                0.22277,                0.16987,                0.12661,                0.97796,                 2.6953,                 3.2906,                 1.1293,             0.00059905,             0.00059905,             0.00059905
                     84,                0.49884,                0.67322,                0.69056,                 0.9061,                0.24096,                0.22597,                 0.1499,                0.12816,                0.24096,                0.22597,                 0.1501,                0.11916,                0.95056,                 2.8852,                 3.3786,                 1.1347,              0.0005941,              0.0005941,              0.0005941
                     85,                0.47305,                0.65706,                0.64891,                0.91559,                0.15906,                0.17441,                 0.1546,                 0.1286,                0.15906,                0.17441,                0.15539,                0.12358,                 1.0073,                 2.9619,                  3.391,                 1.1888,             0.00058915,             0.00058915,             0.00058915
                     86,                0.47954,                0.64601,                0.65133,                0.91565,                0.18958,                0.13862,                0.16338,                0.12816,                0.18958,                0.13862,                0.16229,                 0.1318,                0.96411,                 3.0397,                  3.454,                 1.1964,              0.0005842,              0.0005842,              0.0005842
                     87,                0.47886,                0.63904,                0.64956,                0.91213,                0.11653,                0.13828,                0.11418,                 0.0886,                0.11653,                0.13828,                0.11591,                0.09114,                0.93864,                 2.7399,                 3.6753,                 1.1665,             0.00057925,             0.00057925,             0.00057925
                     88,                0.48743,                0.67276,                0.64908,                0.91545,                0.15666,                0.18889,                0.14476,                0.11728,                0.15666,                0.18889,                0.14214,                 0.1194,                0.92255,                 2.5405,                 3.4357,                   1.15,              0.0005743,              0.0005743,              0.0005743
                     89,                0.48978,                0.69401,                0.64788,                 0.9112,                0.16419,                 0.2321,                0.14314,                0.11613,                0.15768,                 0.2242,                0.14174,                 0.1147,                0.95081,                 2.5706,                 3.3509,                 1.1436,             0.00056935,             0.00056935,             0.00056935
                     90,                0.48324,                0.67951,                0.66547,                0.90866,                 0.1526,                0.14614,                0.12879,                0.10924,                 0.1526,                0.14614,                0.12967,                0.10758,                0.94878,                 2.6818,                  3.398,                 1.1455,              0.0005644,              0.0005644,              0.0005644
                     91,                0.50234,                0.66373,                0.66626,                0.91397,                0.13273,                0.16455,                 0.1362,                 0.1132,                0.13273,                0.16455,                 0.1362,                0.10929,                0.95515,                 2.7119,                 3.4095,                 1.1382,             0.00055945,             0.00055945,             0.00055945
                     92,                0.46125,                0.63309,                0.63425,                0.91534,                0.12586,                0.17929,                 0.1402,                 0.1136,                0.12586,                0.17929,                0.13787,                 0.1107,                 0.9105,                 2.7787,                 3.4039,                 1.1202,              0.0005545,              0.0005545,              0.0005545
                     93,                0.47273,                0.64996,                0.62849,                0.89848,                0.11964,                0.19117,                 0.1422,                0.11596,                0.11964,                0.19117,                 0.1379,                 0.1135,                0.94209,                 2.7963,                  3.398,                 1.1585,             0.00054955,             0.00054955,             0.00054955
                     94,                0.46983,                0.61404,                0.61488,                0.90474,                0.18101,                0.13783,                0.15504,                0.13099,                0.18101,                0.13783,                0.15539,                0.12385,                 0.9295,                 2.8964,                 3.2836,                 1.1333,              0.0005446,              0.0005446,              0.0005446
                     95,                0.45688,                 0.6107,                0.60381,                0.91796,                0.18217,                0.19233,                0.17988,                0.15233,                0.18217,                0.19233,                0.17915,                0.14893,                 0.9112,                  3.101,                 3.2487,                 1.1226,             0.00053965,             0.00053965,             0.00053965
                     96,                0.44366,                0.62769,                0.62359,                0.89367,                0.20335,                0.28106,                0.17121,                0.14577,                0.20335,                0.28106,                 0.1692,                0.13917,                0.90879,                 2.7947,                   3.44,                 1.1367,              0.0005347,              0.0005347,              0.0005347
                     97,                0.46667,                0.65242,                 0.5985,                0.90123,                0.13876,                0.19683,                0.15091,                0.12647,                0.13876,                0.19683,                  0.151,                 0.1302,                0.93864,                 2.7117,                 3.4715,                 1.1358,             0.00052975,             0.00052975,             0.00052975
                     98,                0.46234,                0.63106,                0.59083,                0.89563,                0.17749,                0.20284,                 0.1436,                 0.1113,                0.17749,                0.20284,                0.15082,                0.11935,                0.97948,                 2.6828,                 3.5226,                 1.1707,              0.0005248,              0.0005248,              0.0005248
                     99,                0.44622,                0.62911,                0.55198,                0.89765,                0.19276,                0.21723,                0.17059,                0.13242,                0.19276,                0.21723,                0.17142,                0.13844,                0.91871,                 2.6774,                 3.3287,                 1.1173,             0.00051985,             0.00051985,             0.00051985
                    100,                0.42986,                0.62822,                0.58619,                0.89508,                0.21091,                0.28492,                0.18861,                0.15749,                0.21091,                0.28492,                0.18956,                0.15759,                0.95066,                 2.6432,                 3.2924,                 1.1564,              0.0005149,              0.0005149,              0.0005149
                    101,                0.45465,                0.65417,                0.58458,                0.89404,                0.14055,                0.16356,                0.13619,                0.10747,                0.14055,                0.16356,                0.13602,                0.11056,                 0.9046,                 2.6092,                 3.4933,                  1.099,             0.00050995,             0.00050995,             0.00050995
                    102,                0.44886,                0.63173,                0.59244,                0.90086,                0.14193,                0.16356,                0.13359,                0.10938,                0.14193,                0.16356,                0.13195,                0.11207,                0.86823,                 2.5676,                 3.5189,                 1.0649,               0.000505,               0.000505,               0.000505
                    103,                0.44492,                0.63312,                0.56342,                0.90152,                0.16744,                0.17573,                0.14165,                0.11597,                0.16744,                0.17573,                0.13972,                0.12042,                0.88735,                 2.5404,                 3.5741,                 1.0812,             0.00050005,             0.00050005,             0.00050005
                    104,                0.44662,                0.63644,                0.62347,                0.90331,                0.19807,                0.15979,                0.13667,                 0.1167,                0.19807,                0.15979,                0.13421,                0.11799,                0.91462,                 2.6128,                 3.7249,                  1.124,              0.0004951,              0.0004951,              0.0004951
                    105,                0.43134,                0.58352,                 0.5531,                0.89245,                0.14291,                0.15317,                0.10707,                0.08623,                0.14358,                0.15317,                0.11187,                0.09636,                0.96737,                  2.636,                 3.9238,                 1.1507,             0.00049015,             0.00049015,             0.00049015
                    106,                0.45334,                0.59242,                0.55996,                0.89718,                0.10271,                0.15159,                0.14489,                0.11895,                0.10271,                0.15159,                0.14462,                0.12084,                0.94466,                 2.6381,                 3.6955,                 1.1495,              0.0004852,              0.0004852,              0.0004852
                    107,                0.43727,                0.59777,                0.55746,                0.89759,                0.19335,                0.16754,                0.18833,                0.15993,                0.19335,                0.16754,                0.18693,                0.15879,                0.90679,                 2.7058,                 3.4513,                 1.1173,             0.00048025,             0.00048025,             0.00048025
                    108,                0.46828,                0.65789,                0.59109,                0.90392,                0.22073,                0.21492,                0.15623,                 0.1386,                0.22073,                0.21492,                0.15506,                 0.1362,                0.90223,                 2.4967,                 3.3966,                  1.115,              0.0004753,              0.0004753,              0.0004753
                    109,                0.44696,                0.64176,                0.56659,                0.89261,                 0.2562,                0.18422,                0.15956,                0.13693,                 0.2562,                0.18422,                0.16059,                0.13664,                0.87966,                 2.4581,                  3.428,                 1.1124,             0.00047035,             0.00047035,             0.00047035
                    110,                0.41442,                0.55869,                0.53099,                0.88959,                0.23738,                0.21056,                0.17096,                0.14378,                0.23738,                0.21056,                0.17096,                0.14269,                0.84978,                 2.4622,                 3.5213,                 1.0834,              0.0004654,              0.0004654,              0.0004654
                    111,                 0.4458,                0.59832,                0.61197,                 0.9019,                0.22383,                0.19242,                0.16544,                0.14414,                0.22383,                0.19242,                0.16678,                 0.1405,                0.86039,                 2.5363,                   3.58,                 1.0964,             0.00046045,             0.00046045,             0.00046045
                    112,                0.43129,                0.65073,                 0.5324,                0.89346,                0.22565,                0.20957,                0.17162,                0.14372,                0.22565,                0.20957,                0.17032,                 0.1444,                0.85381,                 2.4876,                 3.4801,                 1.0788,              0.0004555,              0.0004555,              0.0004555
                    113,                0.41835,                0.56766,                 0.5491,                0.88643,                0.23383,                0.17492,                0.16728,                0.13789,                0.23383,                0.17492,                0.16615,                0.14238,                0.88203,                 2.3637,                  3.345,                 1.0948,             0.00045055,             0.00045055,             0.00045055
                    114,                0.43262,                0.61939,                0.54996,                0.88223,                 0.2287,                 0.2385,                 0.1822,                0.15028,                 0.2287,                 0.2385,                0.18124,                0.14881,                0.88152,                 2.2936,                 3.3319,                 1.0981,              0.0004456,              0.0004456,              0.0004456
                    115,                0.41143,                 0.5646,                 0.5287,                0.88701,                0.22266,                0.20741,                0.15686,                0.12635,                0.22266,                0.20741,                0.15686,                0.13134,                0.84584,                 2.4077,                 3.5045,                 1.0565,             0.00044065,             0.00044065,             0.00044065
                    116,                0.42277,                0.58956,                0.53238,                 0.8871,                0.21991,                0.21276,                0.15992,                0.12751,                0.21991,                0.21276,                0.15992,                0.13564,                0.84442,                 2.5155,                 3.5938,                  1.071,              0.0004357,              0.0004357,              0.0004357
                    117,                0.40201,                0.57572,                0.50882,                0.88521,                0.17951,                0.19353,                0.15495,                0.13011,                0.17951,                0.19353,                0.15495,                0.13676,                0.92688,                 2.7086,                 3.6774,                  1.141,             0.00043075,             0.00043075,             0.00043075
                    118,                0.40483,                0.56166,                0.51785,                 0.8889,                0.16703,                0.18868,                0.16295,                0.13714,                0.16703,                0.18868,                0.16357,                0.14063,                0.91616,                 2.6481,                 3.6465,                 1.1198,              0.0004258,              0.0004258,              0.0004258
                    119,                0.41765,                0.61329,                0.50869,                0.88655,                0.18639,                0.20599,                0.16081,                0.13986,                0.18639,                0.20599,                0.16786,                0.14686,                0.89408,                 2.5926,                  3.548,                 1.0815,             0.00042085,             0.00042085,             0.00042085
                    120,                0.42789,                0.59613,                0.53008,                0.88972,                 0.1508,                0.14841,                 0.1588,                0.13922,                 0.1508,                0.14841,                0.15721,                0.14008,                0.85942,                 2.6061,                 3.6101,                 1.0658,              0.0004159,              0.0004159,              0.0004159
                    121,                0.43477,                0.63018,                0.55154,                0.89911,                 0.1624,                0.15754,                0.14736,                0.13189,                 0.1624,                0.15754,                0.14736,                0.13185,                0.84807,                 2.6178,                 3.5896,                 1.0628,             0.00041095,             0.00041095,             0.00041095
                    122,                0.40831,                0.54655,                0.53208,                0.87807,                0.17052,                0.18836,                0.16928,                0.14518,                0.17052,                0.18836,                 0.1708,                0.14738,                0.87343,                 2.5151,                 3.5091,                 1.0774,               0.000406,               0.000406,               0.000406
                    123,                0.41916,                0.55561,                0.53448,                0.89194,                0.17711,                0.21185,                0.18796,                0.15836,                0.17711,                0.21185,                0.19132,                0.16119,                0.86863,                  2.506,                 3.3386,                 1.0861,             0.00040105,             0.00040105,             0.00040105
                    124,                0.42096,                0.59496,                0.49797,                0.88981,                0.21462,                 0.2199,                0.19544,                0.16948,                0.21462,                 0.2199,                0.19643,                0.16707,                0.89734,                 2.5088,                 3.3371,                 1.1016,              0.0003961,              0.0003961,              0.0003961
                    125,                0.40706,                0.55735,                0.48588,                0.87458,                0.33311,                0.17434,                0.18699,                0.15766,                0.33311,                0.17434,                0.18814,                0.16042,                0.90007,                 2.4734,                 3.4233,                 1.0993,             0.00039115,             0.00039115,             0.00039115
                    126,                0.38687,                 0.5688,                0.47813,                0.87494,                 0.3133,                0.18511,                0.18262,                0.15707,                 0.3133,                0.18511,                0.18356,                0.15781,                0.93149,                 2.5653,                 3.4239,                 1.1273,              0.0003862,              0.0003862,              0.0003862
                    127,                 0.4135,                0.55984,                0.49316,                 0.8799,                0.21975,                0.20706,                0.17614,                0.15045,                0.21975,                0.20706,                  0.175,                0.14893,                0.93634,                 2.6744,                 3.4386,                 1.1334,             0.00038125,             0.00038125,             0.00038125
                    128,                0.41758,                0.57472,                0.50768,                0.89655,                0.26375,                0.15662,                0.16457,                0.14058,                0.26375,                0.15662,                0.16304,                0.13768,                0.94527,                 2.6957,                 3.6186,                 1.1669,              0.0003763,              0.0003763,              0.0003763
                    129,                0.39235,                0.56882,                0.48144,                0.87717,                0.20567,                0.17266,                0.17923,                0.15398,                0.30445,                0.13605,                0.17366,                0.14924,                0.95346,                 2.5704,                 3.6121,                 1.1612,             0.00037135,             0.00037135,             0.00037135
                    130,                 0.4027,                 0.5492,                0.48933,                0.87905,                  0.229,                0.15839,                0.15749,                 0.1333,                  0.229,                0.15839,                0.15125,                0.13199,                0.93368,                 2.5218,                 3.5924,                 1.1379,              0.0003664,              0.0003664,              0.0003664
                    131,                0.40611,                0.59821,                0.49696,                 0.8775,                0.14537,                0.15979,                0.16678,                0.13776,                0.14735,                0.15979,                0.16143,                0.13364,                0.88535,                 2.6238,                 3.5071,                  1.107,             0.00036145,             0.00036145,             0.00036145
                    132,                0.39538,                0.53981,                0.46232,                 0.8815,                0.18921,                0.17169,                0.15449,                0.12899,                0.18921,                0.17169,                0.15385,                0.12637,                0.88751,                 2.8227,                 3.5288,                 1.0938,              0.0003565,              0.0003565,              0.0003565
                    133,                0.40129,                0.62301,                0.48018,                0.87905,                 0.1838,                0.16932,                0.16446,                0.13546,                 0.1838,                0.16932,                0.16446,                0.13435,                0.90603,                 2.9015,                 3.5228,                 1.1055,             0.00035155,             0.00035155,             0.00035155
                    134,                0.43522,                0.66344,                0.48891,                 0.8859,                 0.2171,                0.13898,                0.17997,                0.14831,                 0.2171,                0.13898,                0.17997,                0.14678,                0.90603,                 2.9001,                 3.4736,                  1.108,              0.0003466,              0.0003466,              0.0003466
                    135,                0.40292,                0.54853,                0.48667,                 0.8874,                0.15079,                0.19415,                0.15796,                0.13216,                0.15079,                0.19415,                0.15589,                0.12813,                0.96795,                 2.8047,                 3.5213,                 1.1332,             0.00034165,             0.00034165,             0.00034165
                    136,                0.39755,                0.56479,                0.49443,                0.88721,                0.16932,                0.19947,                0.14796,                0.12991,                0.16932,                0.19947,                0.14678,                0.13091,                0.98314,                 2.7414,                    3.6,                 1.1589,              0.0003367,              0.0003367,              0.0003367
                    137,                0.36787,                0.53741,                0.46868,                0.87922,                0.15021,                0.17468,                0.14015,                0.12068,                0.15166,                0.17419,                0.13904,                0.12271,                0.90381,                  2.697,                 3.5703,                 1.1352,             0.00033175,             0.00033175,             0.00033175
                    138,                0.37173,                0.54828,                0.46418,                0.87357,                0.16691,                0.17478,                0.14582,                0.12595,                0.16691,                0.17478,                0.14433,                0.12656,                0.88105,                 2.7523,                 3.5637,                 1.1161,              0.0003268,              0.0003268,              0.0003268
                    139,                0.39972,                0.57822,                0.45121,                0.86392,                0.15728,                0.16478,                0.14933,                0.12721,                0.15728,                0.16478,                0.14641,                 0.1263,                0.90383,                 2.5702,                 3.5238,                 1.1357,             0.00032185,             0.00032185,             0.00032185
                    140,                 0.3868,                0.52467,                0.47283,                0.88186,                0.16563,                0.18235,                0.14664,                0.12201,                0.16563,                0.18235,                0.14242,                0.12201,                0.93554,                 2.6088,                 3.5013,                 1.1851,              0.0003169,              0.0003169,              0.0003169
                    141,                0.39613,                0.54875,                0.48816,                0.87717,                0.17109,                0.19101,                0.16628,                  0.141,                0.17284,                0.19101,                0.16376,                0.14138,                0.91235,                 2.7707,                 3.5635,                 1.1838,             0.00031195,             0.00031195,             0.00031195
                    142,                0.40478,                0.59251,                0.46595,                0.87571,                0.25338,                0.18026,                0.16819,                0.14353,                0.25338,                0.18026,                0.16611,                0.14236,                0.88019,                 2.8587,                 3.5397,                 1.1697,               0.000307,               0.000307,               0.000307
                    143,                0.38402,                 0.5715,                 0.4767,                0.87755,                0.23687,                0.19796,                0.17446,                0.14554,                0.23687,                0.19796,                0.17247,                0.14693,                0.87798,                 2.8593,                 3.5785,                 1.1417,             0.00030205,             0.00030205,             0.00030205
                    144,                0.38367,                0.55939,                0.46234,                0.87892,                0.22288,                0.17154,                0.17461,                0.14519,                0.22288,                0.17154,                 0.1727,                0.14684,                0.88557,                 2.8418,                 3.6811,                 1.1279,              0.0002971,              0.0002971,              0.0002971
                    145,                0.36603,                0.54279,                0.44917,                0.88036,                0.28524,                0.16995,                0.19142,                0.16217,                0.28524,                0.16995,                0.19009,                0.16203,                0.87304,                 2.8725,                 3.5447,                 1.1116,             0.00029215,             0.00029215,             0.00029215
                    146,                0.38832,                0.57252,                0.45072,                0.87267,                0.25944,                0.21543,                 0.1791,                0.15623,                0.25944,                0.21543,                 0.1791,                0.15054,                0.87833,                 2.7997,                 3.5162,                 1.0954,              0.0002872,              0.0002872,              0.0002872
                    147,                0.37919,                0.57396,                0.44362,                0.86761,                0.16834,                0.18413,                0.15892,                0.13692,                0.16834,                0.18413,                0.15892,                0.13181,                0.89448,                  2.824,                 3.6378,                 1.0987,             0.00028225,             0.00028225,             0.00028225
                    148,                0.37712,                0.52417,                0.43518,                0.87258,                0.16307,                0.15379,                0.14602,                0.12529,                0.16307,                0.15379,                0.14739,                0.12101,                0.89844,                 2.7959,                 3.7656,                 1.0951,              0.0002773,              0.0002773,              0.0002773
                    149,                 0.3976,                0.59437,                0.47649,                0.88699,                0.17374,                0.13651,                0.15621,                0.13508,                0.17374,                0.13651,                0.15821,                0.13381,                0.92147,                   2.75,                 3.7332,                 1.1151,             0.00027235,             0.00027235,             0.00027235
                    150,                0.37289,                0.50854,                0.42561,                0.88325,                0.22203,                0.14602,                0.16074,                0.13488,                0.22203,                0.14602,                0.15629,                0.13353,                0.92361,                 2.7528,                 3.7578,                 1.1175,              0.0002674,              0.0002674,              0.0002674
                    151,                0.38144,                0.56508,                0.44166,                0.87363,                0.33061,                0.11692,                0.18091,                0.15231,                0.33061,                0.11692,                  0.175,                0.15041,                0.93392,                 2.7587,                 3.7983,                 1.1319,             0.00026245,             0.00026245,             0.00026245
                    152,                0.38572,                0.54373,                0.44724,                0.87252,                0.24754,                0.15302,                 0.1818,                0.15475,                0.24754,                0.15302,                0.17669,                0.14804,                0.89534,                 2.8682,                  3.735,                 1.1072,              0.0002575,              0.0002575,              0.0002575
                    153,                0.35121,                0.50122,                0.40638,                0.86136,                0.20051,                0.17169,                0.16952,                0.14391,                0.20051,                0.17169,                0.16679,                0.14207,                0.88135,                 2.8117,                 3.5427,                 1.1107,             0.00025255,             0.00025255,             0.00025255
                    154,                0.37595,                  0.542,                0.42222,                0.86225,                0.23982,                0.18308,                0.17215,                0.15414,                0.23982,                0.18308,                0.17011,                0.14721,                0.85013,                 2.8665,                 3.4444,                 1.1008,              0.0002476,              0.0002476,              0.0002476
                    155,                0.38946,                0.57465,                0.42687,                0.86429,                0.21872,                0.18604,                0.17521,                0.15541,                0.21872,                0.18604,                0.17267,                0.14966,                0.84896,                 2.8537,                 3.4361,                 1.1022,             0.00024265,             0.00024265,             0.00024265
                    156,                0.38256,                0.56274,                0.44148,                0.87337,                0.25009,                0.16058,                0.16145,                0.13975,                0.25009,                0.16058,                0.16064,                0.14095,                0.90061,                 2.6967,                 3.5669,                 1.1207,              0.0002377,              0.0002377,              0.0002377
                    157,                0.38176,                0.53126,                0.42205,                 0.8858,                0.26147,                0.13737,                0.17181,                0.14571,                0.26147,                0.13737,                0.16841,                0.14519,                0.92344,                  2.612,                 3.6917,                 1.1366,             0.00023275,             0.00023275,             0.00023275
                    158,                0.39196,                0.58245,                0.44047,                0.87003,                0.28219,                0.14301,                0.17534,                0.14704,                0.28219,                0.14301,                0.17269,                 0.1497,                0.93199,                 2.6128,                 3.7437,                 1.1364,              0.0002278,              0.0002278,              0.0002278
                    159,                0.36176,                0.49937,                0.42186,                0.86642,                 0.3435,                0.12447,                0.17388,                0.14157,                 0.3435,                0.12447,                0.17148,                0.14627,                0.94566,                 2.6815,                 3.7759,                 1.1703,             0.00022285,             0.00022285,             0.00022285
                    160,                 0.3738,                0.52782,                0.42993,                0.86438,                0.18482,                  0.166,                0.17405,                0.14624,                0.18482,                  0.166,                0.17052,                0.14611,                 0.9212,                  2.781,                    3.8,                 1.1497,              0.0002179,              0.0002179,              0.0002179
                    161,                0.35661,                0.50986,                0.42775,                0.87042,                0.17694,                 0.1573,                0.17046,                0.14168,                0.17694,                 0.1573,                0.16778,                0.14014,                0.94254,                 2.8156,                 3.7769,                  1.151,             0.00021295,             0.00021295,             0.00021295
                    162,                0.35342,                  0.482,                0.41769,                  0.873,                0.15957,                0.14877,                0.17321,                0.14331,                0.15957,                0.14877,                0.17067,                0.14293,                0.92497,                 2.8059,                 3.6617,                 1.1322,               0.000208,               0.000208,               0.000208
                    163,                0.36854,                0.52887,                0.43425,                0.86724,                0.19658,                0.18698,                0.17002,                0.14777,                0.19658,                0.18698,                0.16778,                0.14352,                0.87532,                 2.6897,                 3.6365,                 1.1002,             0.00020305,             0.00020305,             0.00020305
                    164,                0.37308,                0.53309,                0.41321,                0.86309,                0.17301,                0.17722,                0.16948,                0.14672,                 0.1732,                0.17629,                0.16752,                0.14186,                0.84635,                 2.7035,                 3.5429,                 1.0934,              0.0001981,              0.0001981,              0.0001981
                    165,                0.35655,                0.51465,                0.39781,                0.87399,                0.15695,                0.17604,                0.17017,                0.14534,                0.15695,                0.17604,                0.16838,                0.14203,                 0.8502,                 2.7974,                 3.5599,                 1.0943,             0.00019315,             0.00019315,             0.00019315
                    166,                0.33939,                0.49064,                 0.4159,                0.86145,                0.17083,                0.18076,                0.17978,                0.15261,                0.17083,                0.18076,                0.17793,                0.14976,                0.86157,                 2.8378,                 3.6077,                 1.1091,              0.0001882,              0.0001882,              0.0001882
                    167,                0.35289,                0.50283,                0.40678,                0.87181,                 0.1634,                0.16063,                0.17456,                0.14832,                 0.1634,                0.16063,                0.17248,                0.14565,                0.87564,                 2.8325,                 3.5884,                  1.125,             0.00018325,             0.00018325,             0.00018325
                    168,                0.36515,                 0.5452,                0.42732,                0.87405,                0.19013,                0.19417,                0.18344,                0.15381,                0.19013,                0.19417,                0.18121,                0.15117,                0.88846,                 2.7554,                 3.6203,                 1.1448,              0.0001783,              0.0001783,              0.0001783
                    169,                0.34195,                0.47274,                0.40515,                0.86532,                0.19665,                0.18893,                0.18016,                0.14422,                0.19665,                0.18893,                0.17749,                 0.1457,                0.89616,                 2.7117,                 3.6263,                 1.1419,             0.00017335,             0.00017335,             0.00017335
                    170,                 0.3672,                0.53029,                 0.4306,                0.86908,                0.29258,                0.15993,                0.19218,                0.15378,                0.29258,                0.15993,                0.18952,                  0.155,                0.90828,                 2.7055,                 3.5913,                  1.146,              0.0001684,              0.0001684,              0.0001684
                    171,                0.36003,                0.52621,                0.40499,                0.86861,                 0.2313,                0.19471,                0.19465,                0.16123,                 0.2313,                0.19471,                0.19459,                0.16211,                0.90599,                 2.7582,                  3.601,                 1.1443,             0.00016345,             0.00016345,             0.00016345
                    172,                 0.3633,                0.50375,                0.41436,                0.86552,                0.24536,                0.19134,                0.19037,                0.16296,                0.24536,                0.19134,                0.18844,                0.15941,                 0.8756,                 2.7971,                 3.6219,                  1.115,              0.0001585,              0.0001585,              0.0001585
                    173,                0.36254,                0.52823,                0.41629,                0.88533,                0.28814,                0.19875,                0.19522,                0.16778,                0.28814,                0.19875,                0.19336,                0.16105,                0.87248,                  2.774,                 3.6373,                 1.1139,             0.00015355,             0.00015355,             0.00015355
                    174,                0.35328,                0.51256,                0.39892,                0.86781,                0.28258,                0.18764,                0.19541,                 0.1672,                0.28258,                0.18764,                0.19352,                0.16214,                0.85934,                  2.745,                 3.6997,                 1.1052,              0.0001486,              0.0001486,              0.0001486
